[
{"url": "https://www.target.com/p/toddler-girls-shanel-fisherman-sandals-cat-jack/-/A-81204099?preselect=80859208", "tcin": "80859208", "upc": "829576374731", "price": "0", "currency": "USD", "title": "Toddler Girls' Shanel Fisherman Sandals - Cat & Jack\u2122", "description": "She'll be ready for fun in the sun whenever she sports the Shanel Fisherman Sandals from Cat & Jack\u2122. These strappy sandals feature an open design to keep her feet cool and comfy on warm, sunny days, and they're easy to dress up or down thanks to the classic straps of the fisherman-style design. A back sling strap helps provide a firm fit that stays put on her feet as she moves, while the buckle accent conceals a hook-and-loop fastener that makes for adjustable wear as well as making on and off easy.", "specs": {"Sizing": "Toddler", "Care and Cleaning": "Care Instructions Not Provided", "Lining Material": "Man Made Materials", "Insole Material": "Man Made Materials", "Features": "Quarter Strap, Hook and Loop Closure, Open Toe", "Upper Shoe Material": "100% Plastic", "Sole Material": "100% TPR (Thermoplastic Rubber)", "Heel": "Approximately 0.5 Inches No Heel", "Shoe Width": "Medium", "Footwear outsole details": "Non Marking Outsole"}}
]